{
    "account": "",
    "accesstoken": "",
    "token过期时间": "",
    "learningPlanId": "",
    "课程信息": [
        {
            "课程名称": "设计 模式",
            "课程ID": "2152929030893273088",
            "ID": "2152989263514656768",
            "课时": 3.0,
            "课程进度(%)": 100,
            "chapterNum": 3,
            "courseChannel": 1,
            "courseType": 3,
            "tabSource": 1,
            "课程视频": [
                {
                    "视频ID": "2152941640917254144",
                    "视频进度(%)": 100,
                    "视频总长(s)": 2796,
                    "当前观看(s)": 26
                },
                {
                    "视频ID": "2152941640917254145",
                    "视频进度(%)": 100,
                    "视频总长(s)": 2796,
                    "当前观看(s)": 2
                },
                {
                    "视频ID": "2152941640917254146",
                    "视频进度(%)": 100,
                    "视频总长(s)": 2796,
                    "当前观看(s)": 2796
                }
            ]
        },
        {
            "课程名称": "XFS 标准结构",
            "课程ID": "2152944303797002241",
            "ID": "2152996633678536706",
            "课时": 1.0,
            "课程进度(%)": 100,
            "chapterNum": 1,
            "courseChannel": 1,
            "courseType": 3,
            "tabSource": 1,
            "课程视频": [
                {
                    "视频ID": "2152969214607294464",
                    "视频进度(%)": 100,
                    "视频总长(s)": 2717,
                    "当前观看(s)": 140
                }
            ]
        }
    ],
    "学习计划名称": "计算机程序设计员",
    "课程数量": "2",
    "总课时": 4.0,
    "直播信息": {
        "名称": "如何制定一个计划",
        "计划ID": "2169232417511751680",
        "排列ID": "2169233104706535424",
        "计划开始时间": 1600581600000,
        "计划结束时间": 1600587600000,
        "channelId": "2169233104706535425",
        "需打卡信息": [
            {
                "打卡编号": "2173958908762079232",
                "是否人脸": false,
                "是否有打卡": true,
                "打卡成功": true,
                "打卡类型": 1
            },
            {
                "打卡编号": "2173958908762079234",
                "是否人脸": false,
                "是否有打卡": true,
                "打卡成功": true,
                "打卡类型": 1
            }
        ]
    }
}